[
  { "name": "United States", "code": "US", "region": "North America" },
  { "name": "Canada", "code": "CA", "region": "North America" },
  { "name": "Mexico", "code": "MX", "region": "North America" },
  { "name": "Guatemala", "code": "GT", "region": "North America" },
  { "name": "Honduras", "code": "HN", "region": "North America" },
  { "name": "El Salvador", "code": "SV", "region": "North America" },
  { "name": "Nicaragua", "code": "NI", "region": "North America" },
  { "name": "Costa Rica", "code": "CR", "region": "North America" },
  { "name": "Panama", "code": "PA", "region": "North America" },
  { "name": "Cuba", "code": "CU", "region": "North America" },
  { "name": "Jamaica", "code": "JM", "region": "North America" },
  { "name": "Dominican Republic", "code": "DO", "region": "North America" },
  { "name": "Trinidad and Tobago", "code": "TT", "region": "North America" },
  { "name": "Brazil", "code": "BR", "region": "South America" },
  { "name": "Argentina", "code": "AR", "region": "South America" },
  { "name": "Colombia", "code": "CO", "region": "South America" },
  { "name": "Venezuela", "code": "VE", "region": "South America" },
  { "name": "Chile", "code": "CL", "region": "South America" },
  { "name": "Peru", "code": "PE", "region": "South America" },
  { "name": "Ecuador", "code": "EC", "region": "South America" },
  { "name": "Bolivia", "code": "BO", "region": "South America" },
  { "name": "Paraguay", "code": "PY", "region": "South America" },
  { "name": "Uruguay", "code": "UY", "region": "South America" },
  { "name": "Guyana", "code": "GY", "region": "South America" },
  { "name": "Suriname", "code": "SR", "region": "South America" },
  { "name": "United Kingdom", "code": "GB", "region": "Europe" },
  { "name": "Germany", "code": "DE", "region": "Europe" },
  { "name": "France", "code": "FR", "region": "Europe" },
  { "name": "Italy", "code": "IT", "region": "Europe" },
  { "name": "Spain", "code": "ES", "region": "Europe" },
  { "name": "Netherlands", "code": "NL", "region": "Europe" },
  { "name": "Belgium", "code": "BE", "region": "Europe" },
  { "name": "Switzerland", "code": "CH", "region": "Europe" },
  { "name": "Austria", "code": "AT", "region": "Europe" },
  { "name": "Sweden", "code": "SE", "region": "Europe" },
  { "name": "Norway", "code": "NO", "region": "Europe" },
  { "name": "Denmark", "code": "DK", "region": "Europe" },
  { "name": "Finland", "code": "FI", "region": "Europe" },
  { "name": "Ireland", "code": "IE", "region": "Europe" },
  { "name": "Portugal", "code": "PT", "region": "Europe" },
  { "name": "Greece", "code": "GR", "region": "Europe" },
  { "name": "Poland", "code": "PL", "region": "Europe" },
  { "name": "Czech Republic", "code": "CZ", "region": "Europe" },
  { "name": "Romania", "code": "RO", "region": "Europe" },
  { "name": "Hungary", "code": "HU", "region": "Europe" },
  { "name": "Ukraine", "code": "UA", "region": "Europe" },
  { "name": "Bulgaria", "code": "BG", "region": "Europe" },
  { "name": "Croatia", "code": "HR", "region": "Europe" },
  { "name": "Slovakia", "code": "SK", "region": "Europe" },
  { "name": "Slovenia", "code": "SI", "region": "Europe" },
  { "name": "Lithuania", "code": "LT", "region": "Europe" },
  { "name": "Latvia", "code": "LV", "region": "Europe" },
  { "name": "Estonia", "code": "EE", "region": "Europe" },
  { "name": "Serbia", "code": "RS", "region": "Europe" },
  { "name": "Iceland", "code": "IS", "region": "Europe" },
  { "name": "Luxembourg", "code": "LU", "region": "Europe" },
  { "name": "Malta", "code": "MT", "region": "Europe" },
  { "name": "Cyprus", "code": "CY", "region": "Europe" },
  { "name": "Albania", "code": "AL", "region": "Europe" },
  { "name": "North Macedonia", "code": "MK", "region": "Europe" },
  { "name": "Montenegro", "code": "ME", "region": "Europe" },
  { "name": "Bosnia and Herzegovina", "code": "BA", "region": "Europe" },
  { "name": "Moldova", "code": "MD", "region": "Europe" },
  { "name": "Russia", "code": "RU", "region": "Europe" },
  { "name": "Turkey", "code": "TR", "region": "Europe" },
  { "name": "Georgia", "code": "GE", "region": "Europe" },
  { "name": "Azerbaijan", "code": "AZ", "region": "Europe" },
  { "name": "Saudi Arabia", "code": "SA", "region": "Middle East" },
  { "name": "United Arab Emirates", "code": "AE", "region": "Middle East" },
  { "name": "Kuwait", "code": "KW", "region": "Middle East" },
  { "name": "Qatar", "code": "QA", "region": "Middle East" },
  { "name": "Bahrain", "code": "BH", "region": "Middle East" },
  { "name": "Oman", "code": "OM", "region": "Middle East" },
  { "name": "Iraq", "code": "IQ", "region": "Middle East" },
  { "name": "Iran", "code": "IR", "region": "Middle East" },
  { "name": "Israel", "code": "IL", "region": "Middle East" },
  { "name": "Jordan", "code": "JO", "region": "Middle East" },
  { "name": "Lebanon", "code": "LB", "region": "Middle East" },
  { "name": "Syria", "code": "SY", "region": "Middle East" },
  { "name": "Yemen", "code": "YE", "region": "Middle East" },
  { "name": "Egypt", "code": "EG", "region": "Middle East" },
  { "name": "China", "code": "CN", "region": "Asia" },
  { "name": "Japan", "code": "JP", "region": "Asia" },
  { "name": "South Korea", "code": "KR", "region": "Asia" },
  { "name": "India", "code": "IN", "region": "Asia" },
  { "name": "Indonesia", "code": "ID", "region": "Asia" },
  { "name": "Thailand", "code": "TH", "region": "Asia" },
  { "name": "Vietnam", "code": "VN", "region": "Asia" },
  { "name": "Philippines", "code": "PH", "region": "Asia" },
  { "name": "Malaysia", "code": "MY", "region": "Asia" },
  { "name": "Singapore", "code": "SG", "region": "Asia" },
  { "name": "Taiwan", "code": "TW", "region": "Asia" },
  { "name": "Bangladesh", "code": "BD", "region": "Asia" },
  { "name": "Pakistan", "code": "PK", "region": "Asia" },
  { "name": "Sri Lanka", "code": "LK", "region": "Asia" },
  { "name": "Myanmar", "code": "MM", "region": "Asia" },
  { "name": "Cambodia", "code": "KH", "region": "Asia" },
  { "name": "Nepal", "code": "NP", "region": "Asia" },
  { "name": "Kazakhstan", "code": "KZ", "region": "Asia" },
  { "name": "Uzbekistan", "code": "UZ", "region": "Asia" },
  { "name": "Turkmenistan", "code": "TM", "region": "Asia" },
  { "name": "Mongolia", "code": "MN", "region": "Asia" },
  { "name": "Brunei", "code": "BN", "region": "Asia" },
  { "name": "Laos", "code": "LA", "region": "Asia" },
  { "name": "Afghanistan", "code": "AF", "region": "Asia" },
  { "name": "Nigeria", "code": "NG", "region": "Africa" },
  { "name": "South Africa", "code": "ZA", "region": "Africa" },
  { "name": "Kenya", "code": "KE", "region": "Africa" },
  { "name": "Ghana", "code": "GH", "region": "Africa" },
  { "name": "Ethiopia", "code": "ET", "region": "Africa" },
  { "name": "Tanzania", "code": "TZ", "region": "Africa" },
  { "name": "Uganda", "code": "UG", "region": "Africa" },
  { "name": "Angola", "code": "AO", "region": "Africa" },
  { "name": "Mozambique", "code": "MZ", "region": "Africa" },
  { "name": "Algeria", "code": "DZ", "region": "Africa" },
  { "name": "Morocco", "code": "MA", "region": "Africa" },
  { "name": "Tunisia", "code": "TN", "region": "Africa" },
  { "name": "Libya", "code": "LY", "region": "Africa" },
  { "name": "Senegal", "code": "SN", "region": "Africa" },
  { "name": "Cameroon", "code": "CM", "region": "Africa" },
  { "name": "Ivory Coast", "code": "CI", "region": "Africa" },
  { "name": "Democratic Republic of the Congo", "code": "CD", "region": "Africa" },
  { "name": "Republic of the Congo", "code": "CG", "region": "Africa" },
  { "name": "Gabon", "code": "GA", "region": "Africa" },
  { "name": "Equatorial Guinea", "code": "GQ", "region": "Africa" },
  { "name": "Chad", "code": "TD", "region": "Africa" },
  { "name": "Niger", "code": "NE", "region": "Africa" },
  { "name": "Mali", "code": "ML", "region": "Africa" },
  { "name": "Sudan", "code": "SD", "region": "Africa" },
  { "name": "South Sudan", "code": "SS", "region": "Africa" },
  { "name": "Namibia", "code": "NA", "region": "Africa" },
  { "name": "Botswana", "code": "BW", "region": "Africa" },
  { "name": "Zimbabwe", "code": "ZW", "region": "Africa" },
  { "name": "Zambia", "code": "ZM", "region": "Africa" },
  { "name": "Madagascar", "code": "MG", "region": "Africa" },
  { "name": "Rwanda", "code": "RW", "region": "Africa" },
  { "name": "Mauritius", "code": "MU", "region": "Africa" },
  { "name": "Australia", "code": "AU", "region": "Oceania" },
  { "name": "New Zealand", "code": "NZ", "region": "Oceania" },
  { "name": "Papua New Guinea", "code": "PG", "region": "Oceania" },
  { "name": "Fiji", "code": "FJ", "region": "Oceania" },
  { "name": "Samoa", "code": "WS", "region": "Oceania" },
  { "name": "Tonga", "code": "TO", "region": "Oceania" },
  { "name": "Timor-Leste", "code": "TL", "region": "Oceania" },
  { "name": "Solomon Islands", "code": "SB", "region": "Oceania" },
  { "name": "Vanuatu", "code": "VU", "region": "Oceania" }
]
